"donor","count","ph","rit2","syt4","ca10","rs12456492","rs12456492Named","sex","PMI","RIN","age","phOutlier","brainBank","hasSN","G_allele","Allele_Named","cause_of_death"
"001/06",9,6.24,6.39251,8.56930888888889,6.82559333333333,0,"GG",0,48,4.11111111111111,16,FALSE,"brain bank: MRC Sudden Death Brain & Tissue Bank in Edinburgh",TRUE,0,"G","Suspension by ligature"
"001/10",10,6.13,6.268549,8.419611,6.582873,1,"GA",0,35,4.09,62,FALSE,"brain bank: MRC Sudden Death Brain & Tissue Bank in Edinburgh",TRUE,0,"G","Ischaemic heart disease"
"002/08",9,6.39,6.45485666666667,8.63471444444444,6.78012777777778,1,"GA",1,28,5.87777777777778,45,FALSE,"brain bank: MRC Sudden Death Brain & Tissue Bank in Edinburgh",FALSE,0,"G","Ischaemic heart disease"
"002/10",10,6.33,6.502363,8.599734,6.782177,1,"GA",0,49,4.98,38,FALSE,"brain bank: MRC Sudden Death Brain & Tissue Bank in Edinburgh",TRUE,0,"G","Other"
"003/08",9,6.59,6.52618222222222,8.54774777777778,6.48247444444444,1,"GA",0,45,4.94444444444444,50,FALSE,"brain bank: MRC Sudden Death Brain & Tissue Bank in Edinburgh",FALSE,0,"G","Ischaemic heart disease"
"003/10",5,5.55,4.229488,5.27806,4.419004,1,"GA",0,34,2.12,65,TRUE,"brain bank: MRC Sudden Death Brain & Tissue Bank in Edinburgh",TRUE,0,"G","Ischaemic heart disease"
"004/06",9,6.4,6.24857222222222,8.71080555555556,6.79530111111111,1,"GA",1,64,4.83333333333333,52,FALSE,"brain bank: MRC Sudden Death Brain & Tissue Bank in Edinburgh",TRUE,0,"G","Ischaemic heart disease"
"004/08",10,6.46,6.009274,8.179352,6.582857,2,"AA",0,44,4.95,45,FALSE,"brain bank: MRC Sudden Death Brain & Tissue Bank in Edinburgh",TRUE,1,"A","Ischaemic heart disease"
"004/10",9,6.21,6.23996555555556,8.26998888888889,6.79168111111111,2,"AA",0,63,4.18888888888889,50,FALSE,"brain bank: MRC Sudden Death Brain & Tissue Bank in Edinburgh",FALSE,1,"A","Ischaemic heart disease"
"005/09",10,6.3,6.170581,8.180907,6.214486,2,"AA",0,50,4.08,76,FALSE,"brain bank: MRC Sudden Death Brain & Tissue Bank in Edinburgh",TRUE,1,"A","Ruptured aortic aneurysm"
"006/08",7,6.26,5.90852285714286,7.82355428571429,6.31491142857143,1,"GA",0,50,4.95714285714286,41,FALSE,"brain bank: MRC Sudden Death Brain & Tissue Bank in Edinburgh",FALSE,0,"G","Ischaemic heart disease"
"006/09",10,6.44,6.264604,8.164678,6.514461,1,"GA",0,81,4.47,25,FALSE,"brain bank: MRC Sudden Death Brain & Tissue Bank in Edinburgh",TRUE,0,"G","Road traffic accident"
"006/10",10,6.29,6.506101,8.628219,6.666154,1,"GA",1,63,5.15,32,FALSE,"brain bank: MRC Sudden Death Brain & Tissue Bank in Edinburgh",TRUE,0,"G","Other"
"007/06",8,6.4,6.15186875,8.04728625,6.4051075,0,"GG",0,48,4.9625,41,FALSE,"brain bank: MRC Sudden Death Brain & Tissue Bank in Edinburgh",FALSE,0,"G","Cardiac"
"007/08",9,6.48,6.48494444444444,8.76722777777778,6.79587555555556,2,"AA",0,50,4.85555555555556,55,FALSE,"brain bank: MRC Sudden Death Brain & Tissue Bank in Edinburgh",FALSE,1,"A","Ischaemic heart disease"
"007/09",9,6.34,5.88860333333333,7.83257888888889,6.57898222222222,1,"GA",0,81,5.17777777777778,25,FALSE,"brain bank: MRC Sudden Death Brain & Tissue Bank in Edinburgh",FALSE,0,"G","Road traffic accident"
"007/10",10,6.28,5.948567,7.980406,6.215986,1,"GA",1,96,4.27,70,FALSE,"brain bank: MRC Sudden Death Brain & Tissue Bank in Edinburgh",TRUE,0,"G","Ischaemic heart disease"
"008/10",10,6.2,6.129431,8.393236,6.370732,2,"AA",0,47,3.28,61,FALSE,"brain bank: MRC Sudden Death Brain & Tissue Bank in Edinburgh",TRUE,1,"A","Ischaemic heart disease"
"009/07",9,6.18,6.68999777777778,8.95279111111111,6.56147,1,"GA",0,68,5.24444444444444,45,FALSE,"brain bank: MRC Sudden Death Brain & Tissue Bank in Edinburgh",FALSE,0,"G","Ischaemic heart disease"
"009/09",10,6.46,6.29785,8.285838,6.608819,1,"GA",1,50,4.88,83,FALSE,"brain bank: MRC Sudden Death Brain & Tissue Bank in Edinburgh",TRUE,0,"G","Ischaemic heart disease"
"010/09",10,6.38,5.914529,8.030495,6.385212,2,"AA",0,48,4.55,66,FALSE,"brain bank: MRC Sudden Death Brain & Tissue Bank in Edinburgh",TRUE,1,"A","Cardiac"
"010/10",10,6.32,6.123586,8.257953,6.689424,2,"AA",0,81,3.74,39,FALSE,"brain bank: MRC Sudden Death Brain & Tissue Bank in Edinburgh",TRUE,1,"A","Other"
"011/09",10,6.44,6.079342,8.07167,6.40272,2,"AA",0,79,4.63,49,FALSE,"brain bank: MRC Sudden Death Brain & Tissue Bank in Edinburgh",TRUE,1,"A","Ischaemic heart disease"
"011/10",9,6.49,6.41527888888889,8.45134111111111,6.49373555555556,1,"GA",0,40,4.07777777777778,60,FALSE,"brain bank: MRC Sudden Death Brain & Tissue Bank in Edinburgh",TRUE,0,"G","Ischaemic heart disease"
"012/08",9,6.52,6.00139444444444,7.99853444444445,6.25871111111111,1,"GA",0,68,5.03333333333333,62,FALSE,"brain bank: MRC Sudden Death Brain & Tissue Bank in Edinburgh",FALSE,0,"G","Ischaemic heart disease"
"012/09",10,6.37,6.35201,8.491704,6.578132,1,"GA",0,89,5.27,17,FALSE,"brain bank: MRC Sudden Death Brain & Tissue Bank in Edinburgh",TRUE,0,"G","Road traffic accident"
"012/10",10,6.23,6.179797,8.319421,6.489214,0,"GG",0,48,3.57,40,FALSE,"brain bank: MRC Sudden Death Brain & Tissue Bank in Edinburgh",TRUE,0,"G","pulmonary embolism"
"013/09",10,6.34,6.221783,8.397768,6.395545,1,"GA",1,45,4.68,79,FALSE,"brain bank: MRC Sudden Death Brain & Tissue Bank in Edinburgh",TRUE,0,"G","Ischaemic heart disease"
"013/10",10,6.32,6.514977,8.538197,6.540325,0,"GG",0,68,3.76,60,FALSE,"brain bank: MRC Sudden Death Brain & Tissue Bank in Edinburgh",TRUE,0,"G","Ischaemic heart disease"
"014/08",9,6.56,6.33517222222222,8.47318111111111,6.57717666666667,2,"AA",0,50,5.37777777777778,67,FALSE,"brain bank: MRC Sudden Death Brain & Tissue Bank in Edinburgh",FALSE,1,"A","Ruptured aortic aneurysm"
"014/09",10,6.3,6.579054,8.434498,6.531068,2,"AA",0,44,5.02,26,FALSE,"brain bank: MRC Sudden Death Brain & Tissue Bank in Edinburgh",TRUE,1,"A","Other"
"014/10",10,6.2,6.000922,8.098165,6.453722,1,"GA",0,47,4.56,61,FALSE,"brain bank: MRC Sudden Death Brain & Tissue Bank in Edinburgh",TRUE,0,"G","Ischaemic heart disease"
"015/07",9,6.54,6.27381,8.20908555555556,6.58285555555556,2,"AA",0,67,4.72222222222222,60,FALSE,"brain bank: MRC Sudden Death Brain & Tissue Bank in Edinburgh",TRUE,1,"A","Ischaemic heart disease"
"015/09",9,6.37,6.19444777777778,8.24572666666667,6.44913111111111,1,"GA",0,47,5.48888888888889,67,FALSE,"brain bank: MRC Sudden Death Brain & Tissue Bank in Edinburgh",TRUE,0,"G","Ischaemic heart disease"
"015/10",10,6.2,6.039721,8.043492,6.489659,2,"AA",0,47,4.42,52,FALSE,"brain bank: MRC Sudden Death Brain & Tissue Bank in Edinburgh",TRUE,1,"A","Ischaemic heart disease"
"016/07",10,6.23,5.78825,7.814533,6.147303,2,"AA",0,40,5.32,38,FALSE,"brain bank: MRC Sudden Death Brain & Tissue Bank in Edinburgh",TRUE,1,"A","Other"
"016/08",9,6.34,6.28336111111111,8.18229444444444,6.59479222222222,1,"GA",1,40,3.85555555555556,47,FALSE,"brain bank: MRC Sudden Death Brain & Tissue Bank in Edinburgh",TRUE,0,"G","Ischaemic heart disease"
"016/09",10,6.35,6.597989,8.725514,6.44966,2,"AA",0,52,5.33,57,FALSE,"brain bank: MRC Sudden Death Brain & Tissue Bank in Edinburgh",TRUE,1,"A","Ischaemic heart disease"
"016/10",10,6.29,6.3457,8.336114,6.530103,1,"GA",1,35,4.2,63,FALSE,"brain bank: MRC Sudden Death Brain & Tissue Bank in Edinburgh",TRUE,0,"G","Ischaemic heart disease"
"017/07",10,6.1,5.860613,7.614521,6.097508,1,"GA",0,64,4.02,55,FALSE,"brain bank: MRC Sudden Death Brain & Tissue Bank in Edinburgh",TRUE,0,"G","Ischaemic heart disease"
"017/08",9,6.32,6.27145666666667,8.1983,6.29341555555556,2,"AA",1,42,5.3,51,FALSE,"brain bank: MRC Sudden Death Brain & Tissue Bank in Edinburgh",FALSE,1,"A","Other"
"017/09",10,6.37,6.308125,8.293354,6.531679,2,"AA",0,48,4.88,55,FALSE,"brain bank: MRC Sudden Death Brain & Tissue Bank in Edinburgh",TRUE,1,"A","Ischaemic heart disease"
"018/05",8,6.33,6.24837375,8.40025125,6.82159875,2,"AA",0,76,4.3375,43,FALSE,"brain bank: MRC Sudden Death Brain & Tissue Bank in Edinburgh",FALSE,1,"A","Ischaemic heart disease"
"018/06",10,6.43,6.064511,8.203999,6.486521,1,"GA",0,67,4.7,58,FALSE,"brain bank: MRC Sudden Death Brain & Tissue Bank in Edinburgh",TRUE,0,"G","Ruptured aortic aneurysm"
"018/07",9,6.41,6.29101111111111,8.24784666666667,6.65159444444444,1,"GA",0,42,5.84444444444444,43,FALSE,"brain bank: MRC Sudden Death Brain & Tissue Bank in Edinburgh",FALSE,0,"G","Ischaemic heart disease"
"018/08",10,6.5,6.349417,8.579188,6.531579,0,"GG",0,43,4.9,61,FALSE,"brain bank: MRC Sudden Death Brain & Tissue Bank in Edinburgh",TRUE,0,"G","Ischaemic heart disease"
"018/09",10,6.15,5.566137,7.812269,6.062581,1,"GA",0,49,4.46,57,FALSE,"brain bank: MRC Sudden Death Brain & Tissue Bank in Edinburgh",TRUE,0,"G","Ruptured aortic aneurysm"
"018/10",9,6.02,5.76813444444444,7.94867222222222,6.14056777777778,1,"GA",0,35,4.46666666666667,69,FALSE,"brain bank: MRC Sudden Death Brain & Tissue Bank in Edinburgh",FALSE,0,"G","Ischaemic heart disease"
"019/08",6,5.53,4.32775833333333,5.96012,5.03083,2,"AA",0,69,3.16666666666667,58,TRUE,"brain bank: MRC Sudden Death Brain & Tissue Bank in Edinburgh",FALSE,1,"A","Ischaemic heart disease"
"019/10",9,6,6.09726888888889,8.12690777777778,6.57699777777778,1,"GA",0,93,5.45555555555556,47,FALSE,"brain bank: MRC Sudden Death Brain & Tissue Bank in Edinburgh",TRUE,0,"G","Ischaemic heart disease"
"020/07",9,6.36,6.28262444444444,8.39239222222222,6.61992,2,"AA",1,45,5.97777777777778,22,FALSE,"brain bank: MRC Sudden Death Brain & Tissue Bank in Edinburgh",FALSE,1,"A","Other"
"020/08",10,6.45,6.120734,8.309519,6.485026,2,"AA",0,48,4.87,51,FALSE,"brain bank: MRC Sudden Death Brain & Tissue Bank in Edinburgh",TRUE,1,"A","Ischaemic heart disease"
"020/10",8,6.4,6.393175,8.4592275,6.494515,1,"GA",0,41,4.4875,36,FALSE,"brain bank: MRC Sudden Death Brain & Tissue Bank in Edinburgh",FALSE,0,"G","Cardiac"
"021/05",6,6.5,5.11231166666667,6.52877666666667,5.53946166666667,1,"GA",1,50,3.4,48,FALSE,"brain bank: MRC Sudden Death Brain & Tissue Bank in Edinburgh",FALSE,0,"G","pulmonary embolism"
"021/08",10,6.32,6.16855,8.089366,6.489671,1,"GA",0,83,4.92,44,FALSE,"brain bank: MRC Sudden Death Brain & Tissue Bank in Edinburgh",TRUE,0,"G","Suspension by ligature"
"021/09",10,6.34,6.53359,8.630656,6.481344,1,"GA",0,40,4.95,65,FALSE,"brain bank: MRC Sudden Death Brain & Tissue Bank in Edinburgh",TRUE,0,"G","Ischaemic heart disease"
"021/10",9,6.16,6.55194222222222,8.4642,6.74249888888889,2,"AA",0,67,4.36666666666667,27,FALSE,"brain bank: MRC Sudden Death Brain & Tissue Bank in Edinburgh",FALSE,1,"A","Other"
"022/06",9,6.3,6.33922666666667,8.41909333333333,6.52094555555556,2,"AA",0,51,5.17777777777778,53,FALSE,"brain bank: MRC Sudden Death Brain & Tissue Bank in Edinburgh",TRUE,1,"A","Ischaemic heart disease"
"022/08",10,6.45,5.122303,6.845187,5.671703,2,"AA",1,95,4.3,57,FALSE,"brain bank: MRC Sudden Death Brain & Tissue Bank in Edinburgh",TRUE,1,"A","pulmonary embolism"
"022/09",10,6.27,5.633935,7.42584,6.168209,2,"AA",1,36,4,60,FALSE,"brain bank: MRC Sudden Death Brain & Tissue Bank in Edinburgh",TRUE,1,"A","Cardiac"
"023/08",10,6.42,6.353139,8.568396,6.474534,1,"GA",1,47,5.36,24,FALSE,"brain bank: MRC Sudden Death Brain & Tissue Bank in Edinburgh",TRUE,0,"G","Suspension by ligature"
"023/09",10,6.58,6.577517,8.487116,6.524126,2,"AA",1,48,5.58,64,FALSE,"brain bank: MRC Sudden Death Brain & Tissue Bank in Edinburgh",TRUE,1,"A","Ischaemic heart disease"
"023/10",10,6.41,6.261596,8.231123,6.440771,1,"GA",0,44,3.47,74,FALSE,"brain bank: MRC Sudden Death Brain & Tissue Bank in Edinburgh",TRUE,0,"G","Ischaemic heart disease"
"024/08",10,6.02,5.81635,7.791528,6.43142,1,"GA",0,42,5.21,39,FALSE,"brain bank: MRC Sudden Death Brain & Tissue Bank in Edinburgh",TRUE,0,"G","Ischaemic heart disease"
"024/09",8,5.42,5.5320825,6.90992,6.0096525,1,"GA",0,67,2.9375,48,TRUE,"brain bank: MRC Sudden Death Brain & Tissue Bank in Edinburgh",FALSE,0,"G","Ischaemic heart disease"
"024/10",9,5.97,6.27000444444444,8.28141111111111,6.47372555555556,1,"GA",1,62,4.18888888888889,68,FALSE,"brain bank: MRC Sudden Death Brain & Tissue Bank in Edinburgh",TRUE,0,"G","pulmonary embolism"
"025/05",9,6.33,6.12448222222222,8.25316222222222,6.44264555555556,1,"GA",0,39,5.53333333333333,28,FALSE,"brain bank: MRC Sudden Death Brain & Tissue Bank in Edinburgh",TRUE,0,"G","Suspension by ligature"
"025/08",10,6.44,6.47358,8.602423,6.410667,1,"GA",0,63,4.76,37,FALSE,"brain bank: MRC Sudden Death Brain & Tissue Bank in Edinburgh",TRUE,0,"G","Ischaemic heart disease"
"025/09",10,6.34,6.301691,8.297758,6.446682,1,"GA",0,51,5.1,59,FALSE,"brain bank: MRC Sudden Death Brain & Tissue Bank in Edinburgh",TRUE,0,"G","Cardiac"
"025/10",6,5.42,4.61362,5.8596,4.94169166666667,1,"GA",0,47,2.2,75,TRUE,"brain bank: MRC Sudden Death Brain & Tissue Bank in Edinburgh",TRUE,0,"G","Ischaemic heart disease"
"026/07",9,6.38,6.38274333333333,8.25154,6.67084888888889,1,"GA",0,53,4.65555555555556,57,FALSE,"brain bank: MRC Sudden Death Brain & Tissue Bank in Edinburgh",FALSE,0,"G","Ischaemic heart disease"
"026/08",9,6.37,6.51098333333333,8.60958777777778,6.62714888888889,2,"AA",0,39,4.72222222222222,45,FALSE,"brain bank: MRC Sudden Death Brain & Tissue Bank in Edinburgh",FALSE,1,"A","Ischaemic heart disease"
"026/09",10,6.24,6.071656,8.260272,6.66208,2,"AA",0,51,4.65,73,FALSE,"brain bank: MRC Sudden Death Brain & Tissue Bank in Edinburgh",TRUE,1,"A","Ischaemic heart disease"
"027/09",10,6.2,5.928534,8.099423,6.39884,2,"AA",0,62,4.24,62,FALSE,"brain bank: MRC Sudden Death Brain & Tissue Bank in Edinburgh",TRUE,1,"A","Ischaemic heart disease"
"028/08",9,6.58,6.46136222222222,8.60593777777778,6.66268444444444,1,"GA",1,44,6.54444444444444,44,FALSE,"brain bank: MRC Sudden Death Brain & Tissue Bank in Edinburgh",FALSE,0,"G","Ruptured aortic aneurysm"
"028/09",10,6.45,6.22149,8.458598,6.499705,1,"GA",0,46,4.68,50,FALSE,"brain bank: MRC Sudden Death Brain & Tissue Bank in Edinburgh",TRUE,0,"G","Ischaemic heart disease"
"028/10",10,6.05,6.417535,8.65662,6.67567,0,"GG",0,44,2.97,43,FALSE,"brain bank: MRC Sudden Death Brain & Tissue Bank in Edinburgh",TRUE,0,"G","Ischaemic heart disease"
"029/09",10,6.54,6.032329,8.22036,6.719343,2,"AA",0,68,4.08,46,FALSE,"brain bank: MRC Sudden Death Brain & Tissue Bank in Edinburgh",TRUE,1,"A","Road traffic accident"
"030/06",9,6.4,6.52492444444444,8.81577555555556,6.70442666666667,0,"GG",0,44,5.37777777777778,53,FALSE,"brain bank: MRC Sudden Death Brain & Tissue Bank in Edinburgh",FALSE,0,"G","Ischaemic heart disease"
"030/09",10,6.11,6.352798,8.57452,6.586419,2,"AA",1,70,5.33,71,FALSE,"brain bank: MRC Sudden Death Brain & Tissue Bank in Edinburgh",TRUE,1,"A","Ischaemic heart disease"
"031/08",7,6.37,5.70830142857143,7.76077714285714,6.32896714285714,2,"AA",0,31,4.21428571428571,55,FALSE,"brain bank: MRC Sudden Death Brain & Tissue Bank in Edinburgh",TRUE,1,"A","Ischaemic heart disease"
"031/09",10,6.32,6.234676,8.368938,6.718305,1,"GA",0,84,4.8,51,FALSE,"brain bank: MRC Sudden Death Brain & Tissue Bank in Edinburgh",TRUE,0,"G","Ischaemic heart disease"
"032/08",10,6.41,6.087113,8.235009,6.354397,2,"AA",0,51,4.15,62,FALSE,"brain bank: MRC Sudden Death Brain & Tissue Bank in Edinburgh",TRUE,1,"A","Ruptured aortic aneurysm"
"032/09",10,5.44,6.084043,8.199189,6.491315,2,"AA",1,38,4.47,60,TRUE,"brain bank: MRC Sudden Death Brain & Tissue Bank in Edinburgh",TRUE,1,"A","Ischaemic heart disease"
"032/10",10,6.38,6.320587,8.543509,6.735155,2,"AA",0,57,3.36,34,FALSE,"brain bank: MRC Sudden Death Brain & Tissue Bank in Edinburgh",TRUE,1,"A","Other"
"033/08",10,6.63,6.243055,8.009846,6.51005,2,"AA",0,95,4.61,22,FALSE,"brain bank: MRC Sudden Death Brain & Tissue Bank in Edinburgh",TRUE,1,"A","pulmonary embolism"
"033/09",10,6.22,6.260398,8.327895,6.457427,1,"GA",0,61,5.39,56,FALSE,"brain bank: MRC Sudden Death Brain & Tissue Bank in Edinburgh",TRUE,0,"G","Ischaemic heart disease"
"034/06",5,6.4,6.048,7.671658,6.657396,0,"GG",0,37,5.88,53,FALSE,"brain bank: MRC Sudden Death Brain & Tissue Bank in Edinburgh",FALSE,0,"G","Suspension by ligature"
"034/08",9,6.2,6.01777,7.92803555555556,6.19946111111111,1,"GA",0,50,5.31111111111111,70,FALSE,"brain bank: MRC Sudden Death Brain & Tissue Bank in Edinburgh",FALSE,0,"G","pulmonary embolism"
"034/09",10,6.23,6.56291,8.614822,6.693868,1,"GA",0,79,5.63,49,FALSE,"brain bank: MRC Sudden Death Brain & Tissue Bank in Edinburgh",TRUE,0,"G","Ischaemic heart disease"
"035/06",10,6.34,6.068898,8.316345,6.527143,1,"GA",0,70,4.37,54,FALSE,"brain bank: MRC Sudden Death Brain & Tissue Bank in Edinburgh",TRUE,0,"G","Ischaemic heart disease"
"035/09",10,6.22,6.076555,8.078817,6.581017,1,"GA",0,99,5.01,32,FALSE,"brain bank: MRC Sudden Death Brain & Tissue Bank in Edinburgh",TRUE,0,"G","Suspension by ligature"
"036/08",10,6.48,6.307749,8.335812,6.61054,2,"AA",1,40,5.36,20,FALSE,"brain bank: MRC Sudden Death Brain & Tissue Bank in Edinburgh",TRUE,1,"A","Suspension by ligature"
"036/09",10,6.3,6.268722,8.223934,6.706463,0,"GG",1,49,5.31,44,FALSE,"brain bank: MRC Sudden Death Brain & Tissue Bank in Edinburgh",TRUE,0,"G","Other"
"037/08",8,6.48,6.67315125,8.5008025,6.824535,1,"GA",0,38,4.8625,53,FALSE,"brain bank: MRC Sudden Death Brain & Tissue Bank in Edinburgh",TRUE,0,"G","Other"
"038/08",9,5.86,5.62914222222222,7.56136555555556,6.06341222222222,1,"GA",0,91,4.38888888888889,46,FALSE,"brain bank: MRC Sudden Death Brain & Tissue Bank in Edinburgh",TRUE,0,"G","Ischaemic heart disease"
"038/09",10,6.37,6.179016,8.327967,6.415968,2,"AA",0,41,4.95,60,FALSE,"brain bank: MRC Sudden Death Brain & Tissue Bank in Edinburgh",TRUE,1,"A","Ischaemic heart disease"
"039/06",10,6.25,6.306995,8.027946,6.654142,1,"GA",1,47,5.66,58,FALSE,"brain bank: MRC Sudden Death Brain & Tissue Bank in Edinburgh",TRUE,0,"G","Cardiac"
"040/08",10,6.47,6.785295,8.802995,6.597793,1,"GA",0,59,5.55,48,FALSE,"brain bank: MRC Sudden Death Brain & Tissue Bank in Edinburgh",TRUE,0,"G","Ischaemic heart disease"
"043/06",9,6.38,6.37889222222222,8.52641111111111,6.62940888888889,1,"GA",1,43,4.83333333333333,53,FALSE,"brain bank: MRC Sudden Death Brain & Tissue Bank in Edinburgh",FALSE,0,"G","Ischaemic heart disease"
